-- phpMyAdmin SQL Dump
-- version 4.6.4
-- https://www.phpmyadmin.net/
--
-- Anamakine: localhost
-- Üretim Zamanı: 29 Ara 2019, 20:24:41
-- Sunucu sürümü: 5.7.15-log
-- PHP Sürümü: 5.6.26

SET SQL_MODE = "NO_AUTO_VALUE_ON_ZERO";
SET time_zone = "+00:00";


/*!40101 SET @OLD_CHARACTER_SET_CLIENT=@@CHARACTER_SET_CLIENT */;
/*!40101 SET @OLD_CHARACTER_SET_RESULTS=@@CHARACTER_SET_RESULTS */;
/*!40101 SET @OLD_COLLATION_CONNECTION=@@COLLATION_CONNECTION */;
/*!40101 SET NAMES utf8mb4 */;

--
-- Veritabanı: `soa`
--

DELIMITER $$
--
-- Yordamlar
--
CREATE DEFINER=`root`@`localhost` PROCEDURE `ADDPROPERTY` (IN `pmekan_ad` TEXT CHARSET utf8, IN `pplaka` INT, IN `pilce` VARCHAR(55) CHARSET utf8, IN `ptelefon` VARCHAR(20), IN `psahip` VARCHAR(100) CHARSET utf8, IN `padres` TEXT CHARSET utf8, IN `pmail` TEXT CHARSET utf8, IN `picerik` TEXT CHARSET utf8, IN `penlem` DOUBLE, IN `pboylam` DOUBLE)  BEGIN DECLARE piletisimid int DEFAULT 0; DECLARE pdetayid int DEFAULT 0; DECLARE pilce_id int DEFAULT 0; START TRANSACTION; INSERT INTO propertyiletisim(kisi,telefon,eposta) VALUES (psahip,ptelefon,pmail); SET @piletisimid=(SELECT MAX(id) FROM propertyiletisim); INSERT INTO propertydetay (mekanadi,adresi,icerik,iletisim_id) VALUES (pmekan_ad,padres,picerik ,piletisimid); SET @pdetayid=(SELECT MAX(id) FROM propertydetay); SET @pilce_id=(SELECT ilce_id FROM `pk_ilce` WHERE (`ilce_adi`=@pilce)); INSERT INTO properties (il_id,ilce_id,enlem,boylam,valid_id,detay_id) VALUES (pplaka,pilce_id,penlem,pboylam,'1',pdetayid); END$$

CREATE DEFINER=`root`@`localhost` PROCEDURE `MEKANIONAYLA` (`prpid` INT)  BEGIN
    UPDATE `properties` SET `valid_id` = '2' WHERE `properties`.`id` = prpid;

END$$

CREATE DEFINER=`root`@`localhost` PROCEDURE `MEKANIREDDET` (`prpid` INT)  BEGIN
    UPDATE `properties` SET `valid_id` = '3' WHERE `properties`.`id` = prpid;

END$$

DELIMITER ;

-- --------------------------------------------------------

--
-- Görünüm yapısı durumu `get_properties`
-- (Asıl görünüm için aşağıya bakın)
--
CREATE TABLE `get_properties` (
`id` int(11)
,`il_adi` varchar(255)
,`ilce_adi` varchar(255)
,`enlem` double
,`boylam` double
,`valid_id` int(11)
,`mekanadi` text
,`icerik` text
,`adresi` text
,`kisi` varchar(100)
,`telefon` varchar(20)
,`eposta` text
);

-- --------------------------------------------------------

--
-- Tablo için tablo yapısı `pk_il`
--

CREATE TABLE `pk_il` (
  `il_id` int(2) NOT NULL COMMENT 'plaka kodu',
  `il_adi` varchar(255) COLLATE utf8_turkish_ci NOT NULL,
  `lat` double(20,8) DEFAULT NULL COMMENT 'enlem',
  `lng` double(20,8) DEFAULT NULL COMMENT 'boylam'
) ENGINE=InnoDB DEFAULT CHARSET=utf8 COLLATE=utf8_turkish_ci;

--
-- Tablo döküm verisi `pk_il`
--

INSERT INTO `pk_il` (`il_id`, `il_adi`, `lat`, `lng`) VALUES
(1, 'ADIYAMAN', 37.00000000, 35.32133330),
(2, 'ADIYAMAN', 37.76416670, 38.27616670),
(3, 'AFYONKARAHİSAR', 38.76376000, 30.54034000),
(4, 'AĞRI', 39.72166670, 43.05666670),
(5, 'AMASYA', 40.65000000, 35.83333330),
(6, 'ANKARA', 39.92077000, 32.85411000),
(7, 'ANTALYA', 36.88414000, 30.70563000),
(8, 'ARTVİN', 41.18333330, 41.81666670),
(9, 'AYDIN', 37.84440000, 27.84580000),
(10, 'BALIKESİR', 39.64836900, 27.88261000),
(11, 'BİLECİK', 40.15013100, 29.98306100),
(12, 'BİNGÖL', 38.88534900, 40.49829100),
(13, 'BİTLİS', 38.40000000, 42.11666670),
(14, 'BOLU', 40.73947900, 31.61156100),
(15, 'BURDUR', 37.72690900, 30.28887600),
(16, 'BURSA', 40.18257000, 29.06687000),
(17, 'ÇANAKKALE', 40.15531200, 26.41416000),
(18, 'ÇANKIRI', 40.60000000, 33.61666670),
(19, 'ÇORUM', 40.55055560, 34.95555560),
(20, 'DENİZLİ', 37.77652000, 29.08639000),
(21, 'DİYARBAKIR', 37.91441000, 40.23062900),
(22, 'EDİRNE', 41.66666670, 26.56666670),
(23, 'ELAZIĞ', 38.68096900, 39.22639800),
(24, 'ERZİNCAN', 39.75000000, 39.50000000),
(25, 'ERZURUM', 39.90431890, 41.26788530),
(26, 'ESKİŞEHİR', 39.78430200, 30.51922000),
(27, 'GAZİANTEP', 37.06622000, 37.38332000),
(28, 'GİRESUN', 40.91281100, 38.38953000),
(29, 'GÜMÜŞHANE', 40.46027780, 39.48138890),
(30, 'HAKKARİ', 37.58333330, 43.73333330),
(31, 'HATAY', 36.40184880, 36.34980970),
(32, 'ISPARTA', 37.76666670, 30.55000000),
(33, 'MERSİN(İÇEL)', 36.80000000, 34.63333330),
(34, 'İSTANBUL', 41.00527000, 28.97696000),
(35, 'İZMİR', 38.41885000, 27.12872000),
(36, 'KARS', 40.59267000, 43.07783100),
(37, 'KASTAMONU', 41.38871000, 33.78273000),
(38, 'KAYSERİ', 38.73333330, 35.48333330),
(39, 'KIRKLARELİ', 41.73333330, 27.21666670),
(40, 'KIRŞEHİR', 39.15000000, 34.16666670),
(41, 'KOCAELİ', 40.85327040, 29.88152030),
(42, 'KONYA', 37.86666670, 32.48333330),
(43, 'KÜTAHYA', 39.41666670, 29.98333330),
(44, 'MALATYA', 38.35519000, 38.30946000),
(45, 'MANİSA', 38.61909900, 27.42892100),
(46, 'KAHRAMANMARAŞ', 37.58333330, 36.93333330),
(47, 'MARDİN', 37.31223610, 40.73511200),
(48, 'MUĞLA', 37.21527780, 28.36361110),
(49, 'MUŞ', 38.74329260, 41.50648230),
(50, 'NEVŞEHİR', 38.62442000, 34.72396900),
(51, 'NİĞDE', 37.96666670, 34.68333330),
(52, 'ORDU', 40.98333330, 37.88333330),
(53, 'RİZE', 41.02005000, 40.52344900),
(54, 'SAKARYA', 40.75687930, 30.37813800),
(55, 'SAMSUN', 41.29278200, 36.33128000),
(56, 'SİİRT', 37.94429000, 41.93288000),
(57, 'SİNOP', 42.02642220, 35.15507450),
(58, 'SİVAS', 39.74766200, 37.01787900),
(59, 'TEKİRDAĞ', 40.98333330, 27.51666670),
(60, 'TOKAT', 40.31666670, 36.55000000),
(61, 'TRABZON', 41.00000000, 39.73333330),
(62, 'TUNCELİ', 39.10798680, 39.54016720),
(63, 'ŞANLIURFA', 37.15000000, 38.80000000),
(64, 'UŞAK', 38.68230100, 29.40819000),
(65, 'VAN', 38.49416670, 43.38000000),
(66, 'YOZGAT', 39.82000000, 34.80444440),
(67, 'ZONGULDAK', 41.45640900, 31.79873100),
(68, 'AKSARAY', 38.36869000, 34.03698000),
(69, 'BAYBURT', 40.25516900, 40.22488000),
(70, 'KARAMAN', 37.17593000, 33.22874800),
(71, 'KIRIKKALE', 39.84682100, 33.51525100),
(72, 'BATMAN', 37.88116800, 41.13509000),
(73, 'ŞIRNAK', 37.51638890, 42.46111110),
(74, 'BARTIN', 41.63444440, 32.33750000),
(75, 'ARDAHAN', 41.11048100, 42.70217100),
(76, 'IĞDIR', 39.91666670, 44.03333330),
(77, 'YALOVA', 40.65000000, 29.26666670),
(78, 'KARABÜK', 41.20000000, 32.63333330),
(79, 'KİLİS', 36.71839900, 37.12122000),
(80, 'OSMANİYE', 37.06805000, 36.26158900),
(81, 'DÜZCE', 40.84384900, 31.15654000);

-- --------------------------------------------------------

--
-- Tablo için tablo yapısı `pk_ilce`
--

CREATE TABLE `pk_ilce` (
  `ilce_id` int(10) NOT NULL,
  `il_id` int(2) NOT NULL COMMENT 'il plaka kodu',
  `ilce_adi` varchar(255) CHARACTER SET utf8 COLLATE utf8_turkish_ci NOT NULL,
  `lat` double(20,8) DEFAULT NULL COMMENT 'enlem',
  `lng` double(20,8) DEFAULT NULL COMMENT 'boylam'
) ENGINE=MyISAM DEFAULT CHARSET=utf16 COLLATE=utf16_turkish_ci;

--
-- Tablo döküm verisi `pk_ilce`
--

INSERT INTO `pk_ilce` (`ilce_id`, `il_id`, `ilce_adi`, `lat`, `lng`) VALUES
(1, 1, 'ALADAĞ(KARSANTI)', 37.54637900, 35.40296200),
(2, 1, 'CEYHAN', 37.03170000, 35.82275000),
(3, 1, 'ÇUKUROVA', 37.00000000, 35.32133330),
(4, 1, 'FEKE', 37.81991810, 35.91248350),
(5, 1, 'İMAMOĞLU', 37.25875100, 35.67284000),
(6, 1, 'KARAİSALI', 37.25201000, 35.06329000),
(7, 1, 'KARATAŞ', 36.56337600, 35.38438800),
(8, 1, 'KOZAN', 37.45000000, 35.80000000),
(9, 1, 'POZANTI', 37.42777780, 34.87111110),
(10, 1, 'SAİMBEYLİ', 37.98818270, 36.09205840),
(11, 1, 'SARIÇAM', 37.00000000, 35.32133330),
(12, 1, 'SEYHAN', 37.00000000, 35.32133330),
(13, 1, 'TUFANBEYLİ', 38.26464170, 36.22239850),
(14, 1, 'YUMURTALIK', 36.76666670, 35.78333330),
(15, 1, 'YÜREĞİR', 37.00000000, 35.32133330),
(16, 2, 'ADIYAMAN', 37.76416670, 38.27616670),
(17, 2, 'BESNİ', 37.69294330, 37.85918950),
(18, 2, 'ÇELİKHAN', 38.03333330, 38.25000000),
(19, 2, 'GERGER', 38.02888890, 39.03222220),
(20, 2, 'GÖLBAŞI', 37.78388890, 37.64444440),
(21, 2, 'KAHTA', 37.78333330, 38.61666670),
(22, 2, 'SAMSAT', 37.57928870, 38.48236400),
(23, 2, 'SİNCİK', 38.03805560, 38.61583330),
(24, 2, 'TUT', 37.79666670, 37.91500000),
(25, 3, 'AFYON', 38.76376000, 30.54034000),
(26, 3, 'BAŞMAKÇI', 37.89596750, 30.01162710),
(27, 3, 'BAYAT', 38.98708000, 30.91984900),
(28, 3, 'BOLVADİN', 38.71666670, 31.05000000),
(29, 3, 'ÇAY', 38.59319330, 31.02490930),
(30, 3, 'ÇOBANLAR', 38.70000000, 30.78333300),
(31, 3, 'DAZKIRI', 37.91666670, 29.86666670),
(32, 3, 'DİNAR', 38.06666670, 30.16666670),
(33, 3, 'EMİRDAĞ', 39.02603900, 31.15345000),
(34, 3, 'EVCİLER', 38.04308300, 29.88309400),
(35, 3, 'HOCALAR', 38.58337000, 29.97207100),
(36, 3, 'İHSANİYE', 39.03333330, 30.41666670),
(37, 3, 'İSCEHİSAR', 38.86666670, 30.75000000),
(38, 3, 'KIZILÖREN', 37.96290310, 29.80194980),
(39, 3, 'SANDIKLI', 38.46538900, 30.27024100),
(40, 3, 'SİNCANLI(SİNANPAŞA)', 38.74379600, 30.24406090),
(41, 3, 'SULTANDAĞI', 38.53333330, 31.23333330),
(42, 3, 'ŞUHUT', 38.53333330, 30.55000000),
(43, 4, 'AĞRI', 39.72166670, 43.05666670),
(44, 4, 'DİYADİN', 39.54000000, 43.67722220),
(45, 4, 'DOĞUBAYAZIT(DOĞUBEYAZIT)', 39.54800000, 44.08333300),
(46, 4, 'ELEŞKİRT', 39.79716100, 42.68711100),
(47, 4, 'HAMUR', 39.61027780, 42.99250000),
(48, 4, 'PATNOS', 39.23333330, 42.86666670),
(49, 4, 'TAŞLIÇAY', 39.63438270, 43.37676610),
(50, 4, 'TUTAK', 39.54222220, 42.77166670),
(51, 5, 'AMASYA', 40.65000000, 35.83333330),
(52, 5, 'GÖYNÜCEK', 40.39786900, 35.52615000),
(53, 5, 'GÜMÜŞHACIKÖY', 40.87064000, 35.21757900),
(54, 5, 'HAMAMÖZÜ', 40.78347000, 35.02228900),
(55, 5, 'MERZİFON', 40.87485900, 35.45974000),
(56, 5, 'SULUOVA', 40.83333330, 35.65000000),
(57, 5, 'TAŞOVA', 40.76198730, 36.32264710),
(58, 6, 'AKYURT', 40.13333330, 33.08333330),
(59, 6, 'ALTINDAĞ', 39.92077000, 32.85411000),
(60, 6, 'AYAŞ', 40.02175100, 32.34095000),
(61, 6, 'BALA', 39.55388890, 33.12111110),
(62, 6, 'BEYPAZARI', 40.16750000, 31.92111110),
(63, 6, 'ÇAMLIDERE', 40.48735000, 32.47269010),
(64, 6, 'ÇANKAYA', 39.84518420, 32.92122650),
(65, 6, 'ÇUBUK', 40.23861110, 33.03305560),
(66, 6, 'ELMADAĞ', 39.92083330, 33.23083330),
(67, 6, 'ETİMESGUT', 39.94583330, 32.66944440),
(68, 6, 'EVREN', 39.02905060, 33.81042220),
(69, 6, 'GÖLBAŞI', 39.92077000, 32.85411000),
(70, 6, 'GÜDÜL', 40.21111110, 32.24277780),
(71, 6, 'HAYMANA', 39.43606900, 32.49663900),
(72, 6, 'KALECİK', 40.09722220, 33.40833330),
(73, 6, 'KAZAN', 40.23166670, 32.68388890),
(74, 6, 'KEÇİÖREN', 40.02106230, 32.83101500),
(75, 6, 'KIZILCAHAMAM', 40.46972220, 32.65055560),
(76, 6, 'MAMAK', 39.89004360, 33.01135680),
(77, 6, 'NALLIHAN', 40.19160100, 31.35994900),
(78, 6, 'POLATLI', 39.58416670, 32.14722220),
(79, 6, 'PURSAKLAR', 40.04884180, 32.89531870),
(80, 6, 'SİNCAN', 39.96675100, 32.58422900),
(81, 6, 'ŞEREFLİKOÇHİSAR', 38.93951000, 33.55246000),
(82, 6, 'YENİMAHALLE', 39.99042890, 32.69554700),
(83, 7, 'AKSEKİ', 37.05152900, 31.78381000),
(84, 7, 'AKSU', 36.94668050, 30.83984500),
(85, 7, 'ALANYA', 36.56013900, 32.00212100),
(86, 7, 'DEMRE(KALE)', 36.24944100, 29.95007900),
(87, 7, 'DÖŞEMEALTI', 37.02292920, 30.59841430),
(88, 7, 'ELMALI', 36.73730790, 29.91911940),
(89, 7, 'FİNİKE', 36.30082670, 30.14449600),
(90, 7, 'GAZİPAŞA', 36.27090200, 32.31358620),
(91, 7, 'GÜNDOĞMUŞ', 36.81119400, 32.00133630),
(92, 7, 'İBRADI(AYDINKENT)', 37.09265100, 31.58786000),
(93, 7, 'KAŞ', 36.20444100, 29.63898100),
(94, 7, 'KEMER', 36.59238100, 30.54771000),
(95, 7, 'KEPEZ', 36.88414000, 30.70563000),
(96, 7, 'KONYAALTI', 36.88414000, 30.70563000),
(97, 7, 'KORKUTELİ', 37.06666670, 30.20000000),
(98, 7, 'KUMLUCA', 36.36283100, 30.28642100),
(99, 7, 'MANAVGAT', 36.79008100, 31.46286000),
(100, 7, 'MURATPAŞA', 36.88275940, 30.76947600),
(101, 7, 'SERİK', 36.92182200, 31.10127100),
(102, 8, 'ARDANUÇ', 41.12860000, 42.05920000),
(103, 8, 'ARHAVİ', 41.35209760, 41.31158460),
(104, 8, 'ARTVİN', 41.18333330, 41.81666670),
(105, 8, 'BORÇKA', 41.36250000, 41.68000000),
(106, 8, 'HOPA', 41.38671900, 41.43701800),
(107, 8, 'MURGUL(GÖKTAŞ)', 41.25000000, 41.65000000),
(108, 8, 'ŞAVŞAT', 41.24190000, 42.36440000),
(109, 8, 'YUSUFELİ', 40.82538710, 41.54861630),
(110, 9, 'AYDIN', 37.84440000, 27.84580000),
(111, 9, 'BOZDOĞAN', 37.67030000, 28.30970000),
(112, 9, 'BUHARKENT(ÇUBUKDAĞI)', 37.97021100, 28.74721900),
(113, 9, 'ÇİNE', 37.61170000, 28.06140000),
(114, 9, 'DİDİM(YENİHİSAR)', 37.37560000, 27.26780000),
(115, 9, 'GERMENCİK', 37.87207000, 27.60181000),
(116, 9, 'İNCİRLİOVA', 37.85220000, 27.72360000),
(117, 9, 'KARACASU', 37.72964100, 28.60634000),
(118, 9, 'KARPUZLU', 37.55860000, 27.83360000),
(119, 9, 'KOÇARLI', 37.76174900, 27.70397000),
(120, 9, 'KÖŞK', 37.85330000, 28.05170000),
(121, 9, 'KUŞADASI', 37.86000000, 27.26000000),
(122, 9, 'KUYUCAK', 37.91530000, 28.45920000),
(123, 9, 'NAZİLLİ', 37.91041900, 28.32025900),
(124, 9, 'SÖKE', 37.75608100, 27.40393100),
(125, 9, 'SULTANHİSAR', 37.88970000, 28.15750000),
(126, 9, 'YENİPAZAR', 37.82976900, 28.19549000),
(127, 10, 'AYVALIK', 39.31780030, 26.69807420),
(128, 10, 'BALIKESİR', 39.64836900, 27.88261000),
(129, 10, 'BALYA', 39.75000000, 27.58333330),
(130, 10, 'BANDIRMA', 40.35946000, 27.97922700),
(131, 10, 'BİGADİÇ', 39.39250000, 28.13111110),
(132, 10, 'BURHANİYE', 39.50693100, 26.97781900),
(133, 10, 'DURSUNBEY', 39.58777780, 28.62750000),
(134, 10, 'EDREMİT', 39.59901000, 27.02207900),
(135, 10, 'ERDEK', 40.40305200, 27.79609800),
(136, 10, 'GÖMEÇ', 39.39111110, 26.84000000),
(137, 10, 'GÖNEN', 40.10332900, 27.65575000),
(138, 10, 'HAVRAN', 39.55833330, 27.09833330),
(139, 10, 'İVRİNDİ', 39.58333330, 27.48333330),
(140, 10, 'KEPSUT', 39.68888890, 28.15222220),
(141, 10, 'MANYAS', 40.04638890, 27.97000000),
(142, 10, 'MARMARA', 40.58750000, 27.55527780),
(143, 10, 'SAVAŞTEPE', 39.38388890, 27.65472220),
(144, 10, 'SINDIRGI', 39.24000000, 28.17500000),
(145, 10, 'SUSURLUK', 39.91886900, 28.15710100),
(146, 11, 'BİLECİK', 40.15013100, 29.98306100),
(147, 11, 'BOZÜYÜK', 39.90777780, 30.03666670),
(148, 11, 'GÖLPAZARI', 40.28472220, 30.31722220),
(149, 11, 'İNHİSAR', 40.05349000, 30.39068000),
(150, 11, 'OSMANELİ', 40.35931030, 30.01162710),
(151, 11, 'PAZARYERİ', 39.99648740, 29.90755160),
(152, 11, 'SÖĞÜT', 40.01861110, 30.18138890),
(153, 11, 'YENİPAZAR', 40.17833330, 30.52000000),
(154, 12, 'ADAKLI', 39.22817760, 40.48339550),
(155, 12, 'BİNGÖL', 38.88534900, 40.49829100),
(156, 12, 'GENÇ', 38.75305560, 40.56666670),
(157, 12, 'KARLIOVA', 39.29777380, 41.01251340),
(158, 12, 'KİĞI', 39.31666670, 40.35000000),
(159, 12, 'SOLHAN', 38.96898560, 41.05238810),
(160, 12, 'YAYLADERE', 39.22444440, 40.07250000),
(161, 12, 'YEDİSU', 39.43333330, 40.55000000),
(162, 13, 'ADİLCEVAZ', 38.80666710, 42.73463770),
(163, 13, 'AHLAT', 38.75277780, 42.49444440),
(164, 13, 'BİTLİS', 38.40000000, 42.11666670),
(165, 13, 'GÜROYMAK', 38.57538710, 42.01747170),
(166, 13, 'HİZAN', 38.22470190, 42.42527970),
(167, 13, 'MUTKİ', 38.41023860, 41.91849570),
(168, 13, 'TATVAN', 38.50222220, 42.28138890),
(169, 14, 'BOLU', 40.73947900, 31.61156100),
(170, 14, 'DÖRTDİVAN', 40.71666670, 32.06666670),
(171, 14, 'GEREDE', 40.80055560, 32.19861110),
(172, 14, 'GÖYNÜK', 40.40038410, 30.78384030),
(173, 14, 'KIBRISCIK', 40.40868150, 31.84721230),
(174, 14, 'MENGEN', 40.93743850, 32.07628810),
(175, 14, 'MUDURNU', 40.46666670, 31.21666670),
(176, 14, 'SEBEN', 40.40907190, 31.57410360),
(177, 14, 'YENİÇAĞA', 40.77240780, 32.03582830),
(178, 15, 'AĞLASUN', 37.65771600, 30.53234200),
(179, 15, 'ALTINYAYLA(DİRMİL)', 36.99863100, 29.54598000),
(180, 15, 'BUCAK', 37.45684100, 30.58188100),
(181, 15, 'BURDUR', 37.72690900, 30.28887600),
(182, 15, 'ÇAVDIR', 37.15500000, 29.69388890),
(183, 15, 'ÇELTİKÇİ', 37.53444440, 30.48444440),
(184, 15, 'GÖLHİSAR', 37.14443700, 29.50787050),
(185, 15, 'KARAMANLI', 37.37000000, 29.82100000),
(186, 15, 'KEMER', 37.35200000, 30.06300000),
(187, 15, 'TEFENNİ', 37.31098400, 29.77445120),
(188, 15, 'YEŞİLOVA', 37.50805560, 29.75472220),
(189, 16, 'BÜYÜKORHAN', 39.77103970, 28.88589400),
(190, 16, 'GEMLİK', 40.43305560, 29.15666670),
(191, 16, 'GÜRSU', 40.24096780, 29.20883030),
(192, 16, 'HARMANCIK', 39.67611110, 29.15527780),
(193, 16, 'İNEGÖL', 40.08333330, 29.51666670),
(194, 16, 'İZNİK', 40.42896280, 29.71654170),
(195, 16, 'KARACABEY', 40.22549800, 28.37273000),
(196, 16, 'KELES', 39.91361110, 29.22944440),
(197, 16, 'KESTEL', 40.19561050, 29.21173650),
(198, 16, 'MUDANYA', 40.37638890, 28.88333330),
(199, 16, 'MUSTAFAKEMALPAŞA', 40.03530000, 28.41170000),
(200, 16, 'NİLÜFER', 40.18257000, 29.06687000),
(201, 16, 'ORHANELİ', 39.90671900, 28.98862100),
(202, 16, 'ORHANGAZİ', 40.50112900, 29.31068000),
(203, 16, 'OSMANGAZİ', 40.18257000, 29.06687000),
(204, 16, 'YENİŞEHİR', 40.26444440, 29.65305560),
(205, 16, 'YILDIRIM', 40.32984420, 29.55861740),
(206, 17, 'AYVACIK', 39.60111110, 26.40472220),
(207, 17, 'BAYRAMİÇ', 40.70383550, 26.91017360),
(208, 17, 'BİGA', 40.23407000, 27.24572000),
(209, 17, 'BOZCAADA', 39.82306430, 26.03252260),
(210, 17, 'ÇAN', 40.02750000, 27.04750000),
(211, 17, 'ÇANAKKALE', 40.15531200, 26.41416000),
(212, 17, 'ECEABAT', 40.18388890, 26.35638890),
(213, 17, 'EZİNE', 39.78324990, 26.34117930),
(214, 17, 'GELİBOLU', 40.41744700, 26.67743500),
(215, 17, 'GÖKÇEADA(İMROZ)', 40.19702900, 25.91795900),
(216, 17, 'LAPSEKİ', 40.35299000, 26.69954780),
(217, 17, 'YENİCE', 39.92829100, 27.26038000),
(218, 18, 'ATKARACALAR', 40.81666670, 33.08333330),
(219, 18, 'BAYRAMÖREN', 40.94195680, 33.20413740),
(220, 18, 'ÇANKIRI', 40.60000000, 33.61666670),
(221, 18, 'ÇERKEŞ', 40.81666670, 32.90000000),
(222, 18, 'ELDİVAN', 40.53333330, 33.50000000),
(223, 18, 'ILGAZ', 40.92614520, 33.62896150),
(224, 18, 'KIZILIRMAK', 40.35000000, 33.98333330),
(225, 18, 'KORGUN', 40.73333330, 33.51666670),
(226, 18, 'KURŞUNLU', 40.83968350, 33.25775470),
(227, 18, 'ORTA', 40.62406840, 33.11162340),
(228, 18, 'ŞABANÖZÜ', 40.48333330, 33.28333330),
(229, 18, 'YAPRAKLI', 40.76335100, 33.77769900),
(230, 19, 'ALACA', 40.17366000, 34.84423800),
(231, 19, 'BAYAT', 40.64600000, 34.26100000),
(232, 19, 'BOĞAZKALE', 40.02775820, 34.61675890),
(233, 19, 'ÇORUM', 40.55055560, 34.95555560),
(234, 19, 'DODURGA', 40.85700160, 34.80835200),
(235, 19, 'İSKİLİP', 40.74123000, 34.47082900),
(236, 19, 'KARGI', 41.13440000, 34.48720000),
(237, 19, 'LAÇİN', 40.76934310, 34.89689600),
(238, 19, 'MECİTÖZÜ', 40.52000000, 35.29527780),
(239, 19, 'OĞUZLAR(KARAÖREN)', 40.55055560, 34.95555560),
(240, 19, 'ORTAKÖY', 40.27333560, 35.24903120),
(241, 19, 'OSMANCIK', 40.97406000, 34.80215800),
(242, 19, 'SUNGURLU', 40.16100000, 34.37700000),
(243, 19, 'UĞURLUDAĞ', 40.44750400, 34.45472130),
(244, 20, 'ACIPAYAM', 37.43333330, 29.35000000),
(245, 20, 'AKKÖY', 37.95580000, 29.07860000),
(246, 20, 'BABADAĞ', 37.80877990, 28.85676750),
(247, 20, 'BAKLAN', 37.97950050, 29.60644790),
(248, 20, 'BEKİLLİ', 38.23194440, 29.42166670),
(249, 20, 'BEYAĞAÇ', 37.22219310, 28.90919140),
(250, 20, 'BOZKURT', 37.82442230, 29.60644790),
(251, 20, 'BULDAN', 38.05287200, 28.83149900),
(252, 20, 'ÇAL', 38.08443380, 29.39616470),
(253, 20, 'ÇAMELİ', 37.07083070, 29.34536110),
(254, 20, 'ÇARDAK', 37.82465530, 29.67599080),
(255, 20, 'ÇİVRİL', 38.29988070, 29.73970840),
(256, 20, 'DENİZLİ', 37.77652000, 29.08639000),
(257, 20, 'GÜNEY', 38.15956900, 29.06777000),
(258, 20, 'HONAZ', 37.75764270, 29.26403870),
(259, 20, 'KALE', 37.43916670, 28.84527780),
(260, 20, 'SARAYKÖY', 37.92645270, 28.92666210),
(261, 20, 'SERİNHİSAR', 37.58066450, 29.26984890),
(262, 20, 'TAVAS', 37.59108000, 29.06315000),
(263, 21, 'BAĞLAR', 37.91441000, 40.23062900),
(264, 21, 'BİSMİL', 37.84520000, 40.67561000),
(265, 21, 'ÇERMİK', 38.13722220, 39.45111110),
(266, 21, 'ÇINAR', 37.72416670, 40.41500000),
(267, 21, 'ÇÜNGÜŞ', 38.21666670, 39.28333330),
(268, 21, 'DİCLE', 38.37500000, 40.07333330),
(269, 21, 'EĞİL', 38.25661230, 40.08366620),
(270, 21, 'ERGANİ', 38.26666670, 39.76666670),
(271, 21, 'HANİ', 38.41361110, 40.39250000),
(272, 21, 'HAZRO', 38.25000000, 40.78333330),
(273, 21, 'KAYAPINAR', 37.91441000, 40.23062900),
(274, 21, 'KOCAKÖY', 38.28972220, 40.50138890),
(275, 21, 'KULP', 38.50166670, 41.01166670),
(276, 21, 'LİCE', 38.46049830, 40.64685730),
(277, 21, 'SİLVAN', 38.14222220, 41.00138890),
(278, 21, 'SUR', 38.05976060, 40.38860400),
(279, 21, 'YENİŞEHİR', 37.91441000, 40.23062900),
(280, 22, 'EDİRNE', 41.66666670, 26.56666670),
(281, 22, 'ENEZ', 40.72932800, 26.08890000),
(282, 22, 'HAVSA', 41.55000000, 26.81666670),
(283, 22, 'İPSALA', 40.92273530, 26.37954950),
(284, 22, 'KEŞAN', 40.85000000, 26.63333330),
(285, 22, 'LALAPAŞA', 41.83333330, 26.73333330),
(286, 22, 'MERİÇ', 41.18900000, 26.41800000),
(287, 22, 'SÜLOĞLU(SÜLEOĞLU)', 41.76666670, 26.91666670),
(288, 22, 'UZUNKÖPRÜ', 41.27125900, 26.69972000),
(289, 23, 'AĞIN', 38.94222220, 38.71555560),
(290, 23, 'ALACAKAYA', 38.45324400, 39.85127620),
(291, 23, 'ARICAK', 38.56666670, 40.13333330),
(292, 23, 'BASKİL', 38.56972220, 38.82305560),
(293, 23, 'ELAZIĞ', 38.68096900, 39.22639800),
(294, 23, 'KARAKOÇAN', 38.95836650, 40.03481000),
(295, 23, 'KEBAN', 38.79392960, 38.74193670),
(296, 23, 'KOVANCILAR', 38.71666670, 39.86666670),
(297, 23, 'MADEN', 38.38972220, 39.66861110),
(298, 23, 'PALU', 38.70547280, 39.95252860),
(299, 23, 'SİVRİCE', 38.44666670, 39.31166670),
(300, 24, 'ÇAYIRLI', 39.80500000, 40.04111110),
(301, 24, 'ERZİNCAN', 39.75000000, 39.50000000),
(302, 24, 'ILIÇ(İLİÇ)', 39.45805630, 38.56473620),
(303, 24, 'KEMAH', 39.60277780, 39.03555560),
(304, 24, 'KEMALİYE', 39.26083330, 38.49666670),
(305, 24, 'OTLUKBELİ', 39.97396550, 40.02241650),
(306, 24, 'REFAHİYE', 39.90164870, 38.76831420),
(307, 24, 'TERCAN', 39.77945590, 40.38508450),
(308, 24, 'ÜZÜMLÜ', 39.71000000, 39.70166670),
(309, 25, 'AŞKALE', 39.92025000, 40.69236110),
(310, 25, 'AZİZİYE(ILICA)', 39.94583330, 41.10527780),
(311, 25, 'ÇAT', 39.61111110, 40.97888890),
(312, 25, 'HINIS', 39.35667060, 41.70294900),
(313, 25, 'HORASAN', 40.03852100, 42.16235000),
(314, 25, 'İSPİR', 40.48361110, 40.99527780),
(315, 25, 'KARAÇOBAN', 39.35083330, 42.11194440),
(316, 25, 'KARAYAZI', 39.70106060, 42.14378900),
(317, 25, 'KÖPRÜKÖY', 39.97555560, 41.87111110),
(318, 25, 'NARMAN', 40.34505800, 41.86719900),
(319, 25, 'OLTU', 40.54555560, 41.99555560),
(320, 25, 'OLUR', 40.83333330, 42.13333330),
(321, 25, 'PALANDÖKEN', 39.90431890, 41.26788530),
(322, 25, 'PASİNLER', 39.97972220, 41.67555560),
(323, 25, 'PAZARYOLU', 40.41590900, 40.76882900),
(324, 25, 'ŞENKAYA', 40.56666670, 42.35000000),
(325, 25, 'TEKMAN', 39.64500000, 41.50833330),
(326, 25, 'TORTUM', 40.29920110, 41.54785080),
(327, 25, 'UZUNDERE', 40.53638890, 41.54833330),
(328, 25, 'YAKUTİYE', 39.90431890, 41.26788530),
(329, 26, 'ALPU', 39.76055560, 30.95805560),
(330, 26, 'BEYLİKOVA', 39.68694440, 31.20555560),
(331, 26, 'ÇİFTELER', 39.38305560, 31.03916670),
(332, 26, 'GÜNYÜZÜ', 39.38388890, 31.81000000),
(333, 26, 'HAN', 39.15916670, 30.86138890),
(334, 26, 'İNÖNÜ', 39.82122990, 30.14449600),
(335, 26, 'MAHMUDİYE', 39.49732700, 30.98891300),
(336, 26, 'MİHALGAZİ', 40.02638890, 30.57777780),
(337, 26, 'MİHALIÇÇIK', 39.86416670, 31.49527780),
(338, 26, 'ODUNPAZARI', 39.78430200, 30.51922000),
(339, 26, 'SARICAKAYA', 40.04034440, 30.61711300),
(340, 26, 'SEYİTGAZİ', 39.44472220, 30.69472220),
(341, 26, 'SİVRİHİSAR', 39.45000000, 31.53777780),
(342, 26, 'TEPEBAŞI', 39.78430200, 30.51922000),
(343, 27, 'ARABAN', 37.42650420, 37.68920620),
(344, 27, 'İSLAHİYE', 37.02500000, 36.63450000),
(345, 27, 'KARKAMIŞ', 36.83400000, 38.00100000),
(346, 27, 'NİZİP', 37.01666670, 37.80000000),
(347, 27, 'NURDAĞI', 37.17917190, 36.73615390),
(348, 27, 'OĞUZELİ', 36.96574240, 37.51347500),
(349, 27, 'ŞAHİNBEY', 37.06622000, 37.38332000),
(350, 27, 'ŞEHİTKAMİL', 37.06622000, 37.38332000),
(351, 27, 'YAVUZELİ', 37.32017460, 37.56677350),
(352, 28, 'ALUCRA', 40.31666670, 38.76666670),
(353, 28, 'BULANCAK', 40.93520340, 38.21259260),
(354, 28, 'ÇAMOLUK', 40.13333300, 38.75000000),
(355, 28, 'ÇANAKÇI', 40.91301840, 39.00433450),
(356, 28, 'DERELİ', 40.74009460, 38.44811740),
(357, 28, 'DOĞANKENT', 40.80000000, 38.91666670),
(358, 28, 'ESPİYE', 40.94835870, 38.70822590),
(359, 28, 'EYNESİL', 41.06028830, 39.14353650),
(360, 28, 'GİRESUN', 40.91281100, 38.38953000),
(361, 28, 'GÖRELE', 41.03180440, 39.00138110),
(362, 28, 'GÜCE', 40.89347960, 38.80598830),
(363, 28, 'KEŞAP', 40.91666670, 38.51666670),
(364, 28, 'PİRAZİZ', 40.95154920, 38.12008370),
(365, 28, 'ŞEBİNKARAHİSAR', 40.28978750, 38.42098940),
(366, 28, 'TİREBOLU', 41.00510240, 38.81410590),
(367, 28, 'YAĞLIDERE', 40.86162330, 38.62549810),
(368, 29, 'GÜMÜŞHANE', 40.46027780, 39.48138890),
(369, 29, 'KELKİT', 40.12861110, 39.43833330),
(370, 29, 'KÖSE', 40.21036900, 39.65073000),
(371, 29, 'KÜRTÜN', 40.69098660, 39.10299130),
(372, 29, 'ŞİRAN', 40.18944440, 39.12666670),
(373, 29, 'TORUL', 40.55722220, 39.29194440),
(374, 30, 'ÇUKURCA', 37.25055560, 43.61666670),
(375, 30, 'HAKKARİ', 37.58333330, 43.73333330),
(376, 30, 'ŞEMDİNLİ', 37.30283110, 44.57486960),
(377, 30, 'YÜKSEKOVA', 37.56666670, 44.28333330),
(378, 31, 'ALTINÖZÜ', 36.11666670, 36.25000000),
(379, 31, 'ANTAKYA', 36.20015000, 36.17618900),
(380, 31, 'BELEN', 36.49270000, 36.19330000),
(381, 31, 'DÖRTYOL', 36.85603000, 36.22232800),
(382, 31, 'ERZİN', 36.95390000, 36.20220000),
(383, 31, 'HASSA', 36.79940000, 36.51780000),
(384, 31, 'İSKENDERUN', 36.58686300, 36.17257100),
(385, 31, 'KIRIKHAN', 36.49795900, 36.36412800),
(386, 31, 'KUMLU', 36.37173860, 36.45537270),
(387, 31, 'REYHANLI', 36.26718100, 36.57366900),
(388, 31, 'SAMANDAĞ', 36.08239000, 35.99932100),
(389, 31, 'YAYLADAĞI', 35.90250000, 36.06060000),
(390, 32, 'AKSU', 37.79900000, 31.07100000),
(391, 32, 'ATABEY', 37.95236230, 30.64587490),
(392, 32, 'EĞİRDİR(EĞRİDİR)', 38.02375670, 30.87286150),
(393, 32, 'GELENDOST', 38.12398900, 31.01135100),
(394, 32, 'GÖNEN', 37.95861100, 30.51439100),
(395, 32, 'ISPARTA', 37.76666670, 30.55000000),
(396, 32, 'KEÇİBORLU', 37.94819940, 30.30607060),
(397, 32, 'SENİRKENT', 38.10540910, 30.54805780),
(398, 32, 'SÜTÇÜLER', 37.48725100, 30.98963000),
(399, 32, 'ŞARKİKARAAĞAÇ', 38.08127200, 31.36702830),
(400, 32, 'ULUBORLU', 38.07890040, 30.45592580),
(401, 32, 'YALVAÇ', 38.29523100, 31.18022900),
(402, 32, 'YENİŞARBADEMLİ', 37.70806910, 31.38560880),
(403, 33, 'AKDENİZ', 36.80000000, 34.63333330),
(404, 33, 'ANAMUR', 36.07515000, 32.83853900),
(405, 33, 'AYDINCIK', 36.14169480, 33.31774790),
(406, 33, 'BOZYAZI', 36.10306320, 32.97475120),
(407, 33, 'ÇAMLIYAYLA', 37.17013900, 34.60825000),
(408, 33, 'ERDEMLİ', 36.60776900, 34.31613900),
(409, 33, 'GÜLNAR (GÜLPINAR)', 36.80000000, 34.63333330),
(410, 33, 'MEZİTLİ', 36.80000000, 34.63333330),
(411, 33, 'MUT', 36.64433600, 33.43554990),
(412, 33, 'SİLİFKE', 36.37530140, 33.93318740),
(413, 33, 'TARSUS', 36.91666670, 34.90000000),
(414, 33, 'TOROSLAR', 36.80000000, 34.63333330),
(415, 33, 'YENİŞEHİR', 36.86618590, 34.48635670),
(416, 34, 'ADALAR', 40.87637720, 29.09544400),
(417, 34, 'ARNAVUTKÖY', 41.20000000, 28.73333300),
(418, 34, 'ATAŞEHİR', 40.98333330, 29.11666670),
(419, 34, 'AVCILAR', 41.01534790, 28.73146180),
(420, 34, 'BAĞCILAR', 41.04555560, 28.84055560),
(421, 34, 'BAHÇELİEVLER', 40.99750000, 28.85055560),
(422, 34, 'BAKIRKÖY', 40.96815500, 28.82280000),
(423, 34, 'BAŞAKŞEHİR', 41.07789500, 28.81255100),
(424, 34, 'BAYRAMPAŞA', 41.04815030, 28.90045530),
(425, 34, 'BEŞİKTAŞ', 41.06861600, 29.02853550),
(426, 34, 'BEYKOZ', 41.13271900, 29.10569000),
(427, 34, 'BEYLİKDÜZÜ', 40.99103810, 28.64981440),
(428, 34, 'BEYOĞLU', 41.03828640, 28.97033040),
(429, 34, 'BÜYÜKÇEKMECE', 41.03413300, 28.59000300),
(430, 34, 'ÇATALCA', 41.14823900, 28.46773000),
(431, 34, 'ÇEKMEKÖY', 41.10423500, 29.31772720),
(432, 34, 'ESENLER', 41.07941330, 28.85385450),
(433, 34, 'ESENYURT', 41.03428060, 28.68011940),
(434, 34, 'EYÜP', 41.18715980, 28.88298160),
(435, 34, 'FATİH', 41.01666670, 28.93333330),
(436, 34, 'GAZİOSMANPAŞA', 41.07594770, 28.90045530),
(437, 34, 'GÜNGÖREN', 41.01666670, 28.88333330),
(438, 34, 'KADIKÖY', 40.98014100, 29.08227000),
(439, 34, 'KAĞITHANE', 41.07100000, 28.97000000),
(440, 34, 'KARTAL', 40.89965100, 29.19364900),
(441, 34, 'KÜÇÜKÇEKMECE', 41.00865800, 28.77534200),
(442, 34, 'MALTEPE', 40.94904700, 29.17410900),
(443, 34, 'PENDİK', 40.87932600, 29.25813500),
(444, 34, 'SANCAKTEPE', 41.02870280, 29.29018290),
(445, 34, 'SARIYER', 41.16632800, 29.04995000),
(446, 34, 'SİLİVRİ', 41.08015800, 28.26829000),
(447, 34, 'SULTANBEYLİ', 40.96111230, 29.26694380),
(448, 34, 'SULTANGAZİ', 41.12557940, 28.87133140),
(449, 34, 'ŞİLE', 41.17638890, 29.61277780),
(450, 34, 'ŞİŞLİ', 41.06000000, 28.98700000),
(451, 34, 'TUZLA', 40.84200000, 29.29500000),
(452, 34, 'ÜMRANİYE', 41.03030000, 29.10650000),
(453, 34, 'ÜSKÜDAR', 41.03223600, 29.03193800),
(454, 34, 'ZEYTİNBURNU', 40.99063500, 28.89614000),
(455, 35, 'ALİAĞA', 38.79500000, 26.97027780),
(456, 35, 'BALÇOVA', 38.36929400, 27.09344200),
(457, 35, 'BAYINDIR', 38.22856500, 27.64653300),
(458, 35, 'BAYRAKLI', 38.46222220, 27.16666670),
(459, 35, 'BERGAMA', 39.11666670, 27.18333330),
(460, 35, 'BEYDAĞ', 38.08687390, 28.20880130),
(461, 35, 'BORNOVA', 38.46265480, 27.24409570),
(462, 35, 'BUCA', 38.41885000, 27.12872000),
(463, 35, 'ÇEŞME', 38.32981000, 26.31492100),
(464, 35, 'ÇİĞLİ', 38.49943220, 27.03821580),
(465, 35, 'DİKİLİ', 39.07209700, 26.88820300),
(466, 35, 'FOÇA', 38.66750000, 26.75805560),
(467, 35, 'GAZİEMİR', 38.32515000, 27.12252000),
(468, 35, 'GÜZELBAHÇE', 38.36197610, 26.90281250),
(469, 35, 'KARABAĞLAR', 38.32698820, 27.04410090),
(470, 35, 'KARABURUN', 38.63333330, 26.51666670),
(471, 35, 'KARŞIYAKA', 38.41885000, 27.12872000),
(472, 35, 'KEMALPAŞA', 38.42632300, 27.42305200),
(473, 35, 'KINIK', 39.08837100, 27.38069000),
(474, 35, 'KİRAZ', 38.23060000, 28.20440000),
(475, 35, 'KONAK', 38.41448020, 27.14412270),
(476, 35, 'MENDERES(CUMAOVASI)', 38.25400000, 27.13400000),
(477, 35, 'MENEMEN', 38.60000000, 27.06666670),
(478, 35, 'NARLIDERE', 38.39099890, 27.00290150),
(479, 35, 'ÖDEMİŞ', 38.23055560, 27.97166670),
(480, 35, 'SEFERİHİSAR', 38.19892100, 26.83733900),
(481, 35, 'SELÇUK', 37.94988800, 27.37014200),
(482, 35, 'TİRE', 38.08858100, 27.73347100),
(483, 35, 'TORBALI', 38.17784100, 27.35334000),
(484, 35, 'URLA', 38.32457000, 26.76190000),
(485, 36, 'AKYAKA', 40.74444440, 43.62500000),
(486, 36, 'ARPAÇAY', 40.85000000, 43.33333330),
(487, 36, 'DİGOR', 40.37555560, 43.41250000),
(488, 36, 'KAĞIZMAN', 40.15771810, 43.13312310),
(489, 36, 'KARS', 40.59267000, 43.07783100),
(490, 36, 'SARIKAMIŞ', 40.33192100, 42.59516900),
(491, 36, 'SELİM', 40.46333330, 42.78583330),
(492, 36, 'SUSUZ', 40.78000000, 43.13527780),
(493, 37, 'ABANA', 41.97583330, 34.01138890),
(494, 37, 'AĞLI', 41.68736120, 33.55346650),
(495, 37, 'ARAÇ', 41.24222220, 33.32833330),
(496, 37, 'AZDAVAY', 41.64081260, 33.29832790),
(497, 37, 'BOZKURT', 41.96099090, 34.01532410),
(498, 37, 'CİDE', 41.89194100, 33.00019200),
(499, 37, 'ÇATALZEYTİN', 41.95452100, 34.21503100),
(500, 37, 'DADAY', 41.47921280, 33.46907000),
(501, 37, 'DEVREKANİ', 41.60027780, 33.83333330),
(502, 37, 'DOĞANYURT', 42.00414890, 33.45984100),
(503, 37, 'HANÖNÜ(GÖKÇEAĞAÇ)', 41.63853220, 34.49706750),
(504, 37, 'İHSANGAZİ', 41.20332030, 33.55178340),
(505, 37, 'İNEBOLU', 41.97472220, 33.76083330),
(506, 37, 'KASTAMONU', 41.38871000, 33.78273000),
(507, 37, 'KÜRE', 41.80477310, 33.71068550),
(508, 37, 'PINARBAŞI', 41.60243920, 33.10568160),
(509, 37, 'SEYDİLER', 41.61936140, 33.71546170),
(510, 37, 'ŞENPAZAR', 41.80694910, 33.23254450),
(511, 37, 'TAŞKÖPRÜ', 41.51388890, 34.21472220),
(512, 37, 'TOSYA', 41.01849130, 34.03737390),
(513, 38, 'AKKIŞLA', 39.00000000, 36.16666670),
(514, 38, 'BÜNYAN', 38.84830000, 35.86000000),
(515, 38, 'DEVELİ', 38.38542900, 35.49951900),
(516, 38, 'FELAHİYE', 39.09136480, 35.56852190),
(517, 38, 'HACILAR', 38.64972220, 35.45027780),
(518, 38, 'İNCESU', 38.62043000, 35.18827800),
(519, 38, 'KOCASİNAN', 38.73333330, 35.48333330),
(520, 38, 'MELİKGAZİ', 38.73333330, 35.48333330),
(521, 38, 'ÖZVATAN(ÇUKUR)', 38.73333330, 35.48333330),
(522, 38, 'PINARBAŞI', 38.72200000, 36.39100000),
(523, 38, 'SARIOĞLAN', 39.07939990, 35.96525860),
(524, 38, 'SARIZ', 38.47916670, 36.50055560),
(525, 38, 'TALAS', 38.68602000, 35.57791100),
(526, 38, 'TOMARZA', 38.45000000, 35.80000000),
(527, 38, 'YAHYALI', 38.10000000, 35.36083330),
(528, 38, 'YEŞİLHİSAR', 38.35853170, 35.08010680),
(529, 39, 'BABAESKİ', 41.43333330, 27.10000000),
(530, 39, 'DEMİRKÖY', 41.82300000, 27.76230000),
(531, 39, 'KIRKLARELİ', 41.73333330, 27.21666670),
(532, 39, 'KOFÇAZ', 41.93990500, 27.16206300),
(533, 39, 'LÜLEBURGAZ', 41.40000000, 27.35000000),
(534, 39, 'PEHLİVANKÖY', 41.34805560, 26.91972220),
(535, 39, 'PINARHİSAR', 41.62812820, 27.51220860),
(536, 39, 'VİZE', 41.57361110, 27.76527780),
(537, 40, 'AKÇAKENT', 39.62277780, 34.09583330),
(538, 40, 'AKPINAR', 39.44722220, 33.96805560),
(539, 40, 'BOZTEPE', 39.26972220, 34.26111110),
(540, 40, 'ÇİÇEKDAĞI', 39.60694440, 34.40861110),
(541, 40, 'KAMAN', 39.36711900, 33.72934000),
(542, 40, 'KIRŞEHİR', 39.15000000, 34.16666670),
(543, 40, 'MUCUR', 39.06361110, 34.37833330),
(544, 41, 'BAŞİSKELE', 40.62983680, 29.95092600),
(545, 41, 'ÇAYIROVA', 40.83614210, 29.38310260),
(546, 41, 'DARICA', 40.76958700, 29.37003100),
(547, 41, 'DERİNCE', 40.90211930, 29.90465940),
(548, 41, 'DİLOVASI', 40.77972220, 29.53500000),
(549, 41, 'GEBZE', 40.80000000, 29.43333330),
(550, 41, 'GÖLCÜK', 40.71206030, 29.84101740),
(551, 41, 'İZMİT', 40.77598600, 29.94835700),
(552, 41, 'KANDIRA', 41.07000000, 30.15000000),
(553, 41, 'KARAMÜRSEL', 40.68916670, 29.61500000),
(554, 41, 'KARTEPE', 40.70139170, 30.08963130),
(555, 41, 'KÖRFEZ(TÜTÜNÇİFTLİK)', 40.74613000, 29.78953000),
(556, 42, 'AHIRLI', 37.23750000, 32.11805560),
(557, 42, 'AKÖREN', 37.45694440, 32.36944440),
(558, 42, 'AKŞEHİR', 38.35591100, 31.41540900),
(559, 42, 'ALTINEKİN', 38.30777780, 32.86861110),
(560, 42, 'BEYŞEHİR', 37.67638890, 31.72611110),
(561, 42, 'BOZKIR', 37.18777780, 32.24805560),
(562, 42, 'CİHANBEYLİ', 38.65805560, 32.92805560),
(563, 42, 'ÇELTİK', 39.02444440, 31.79055560),
(564, 42, 'ÇUMRA', 37.57125100, 32.78443900),
(565, 42, 'DERBENT', 38.01361110, 32.01638890),
(566, 42, 'DEREBUCAK', 37.39361110, 31.50750000),
(567, 42, 'DOĞANHİSAR', 38.14472220, 31.67805560),
(568, 42, 'EMİRGAZİ', 37.90222220, 33.83722220),
(569, 42, 'EREĞLİ', 37.50583330, 34.05166670),
(570, 42, 'GÜNEYSINIR', 37.26861110, 32.73305560),
(571, 42, 'HADİM', 36.99066900, 32.46207000),
(572, 42, 'HALKAPINAR', 37.43530350, 34.18934730),
(573, 42, 'HÜYÜK', 37.95194440, 31.59583330),
(574, 42, 'ILGIN', 38.27916670, 31.91388890),
(575, 42, 'KADINHANI', 38.23972220, 32.21138890),
(576, 42, 'KARAPINAR', 37.71482100, 33.55223800),
(577, 42, 'KARATAY', 37.86666670, 32.48333330),
(578, 42, 'KULU', 39.08916670, 33.08055560),
(579, 42, 'MERAM', 37.86666670, 32.48333330),
(580, 42, 'SARAYÖNÜ', 38.26611110, 32.40638890),
(581, 42, 'SELÇUKLU', 37.86666670, 32.48333330),
(582, 42, 'SEYDİŞEHİR', 37.42390800, 31.85071000),
(583, 42, 'TAŞKENT', 36.92250150, 32.49483840),
(584, 42, 'TUZLUKÇU', 38.47816800, 31.63121000),
(585, 42, 'YALIHÜYÜK', 37.30361110, 32.08694440),
(586, 42, 'YUNAK', 38.81722220, 31.73555560),
(587, 43, 'ALTINTAŞ', 39.06152280, 30.10984720),
(588, 43, 'ASLANAPA', 39.21904000, 29.87431900),
(589, 43, 'ÇAVDARHİSAR', 39.19777780, 29.61583330),
(590, 43, 'DOMANİÇ', 39.80347100, 29.61153000),
(591, 43, 'DUMLUPINAR', 38.85639730, 29.97694410),
(592, 43, 'EMET', 39.34206240, 29.25822820),
(593, 43, 'GEDİZ', 38.98762170, 29.38600540),
(594, 43, 'HİSARCIK', 39.24692250, 29.24079550),
(595, 43, 'KÜTAHYA', 39.41666670, 29.98333330),
(596, 43, 'PAZARLAR', 38.99710920, 29.12452550),
(597, 43, 'SİMAV', 39.09273900, 28.97761000),
(598, 43, 'ŞAPHANE', 39.02777780, 29.22277780),
(599, 43, 'TAVŞANLI', 39.54439900, 29.49157900),
(600, 44, 'AKÇADAĞ', 38.35000000, 37.96666670),
(601, 44, 'ARAPKİR(ARAPGİR)', 39.04668470, 38.48782340),
(602, 44, 'ARGUVAN', 38.77302930, 38.27138670),
(603, 44, 'BATTALGAZİ', 38.42277780, 38.36555560),
(604, 44, 'DARENDE', 38.54720000, 37.51110000),
(605, 44, 'DOĞANŞEHİR', 38.09583330, 37.87916670),
(606, 44, 'DOĞANYOL', 38.31055560, 39.03944440),
(607, 44, 'HEKİMHAN', 38.81666670, 37.93333330),
(608, 44, 'KALE', 38.41611110, 38.76666670),
(609, 44, 'KULUNCAK', 38.88333330, 37.66666670),
(610, 44, 'MALATYA', 38.35519000, 38.30946000),
(611, 44, 'PÜTÜRGE(PÖTÜRGE)', 38.19666670, 38.86972220),
(612, 44, 'YAZIHAN', 38.59694440, 38.18777780),
(613, 44, 'YEŞİLYURT', 38.29744890, 38.24427270),
(614, 45, 'AHMETLİ', 38.52150640, 27.93954540),
(615, 45, 'AKHİSAR', 38.92469000, 27.83618000),
(616, 45, 'ALAŞEHİR', 38.35086100, 28.51516900),
(617, 45, 'DEMİRCİ', 39.04500000, 28.65805560),
(618, 45, 'GÖLMARMARA', 38.71666670, 27.91666670),
(619, 45, 'GÖRDES', 38.93277780, 28.29027780),
(620, 45, 'KIRKAĞAÇ', 39.10937900, 27.66620100),
(621, 45, 'KÖPRÜBAŞI', 38.74972220, 28.40472220),
(622, 45, 'KULA', 38.54583330, 28.64944440),
(623, 45, 'MANİSA', 38.61909900, 27.42892100),
(624, 45, 'SALİHLİ', 38.48111110, 28.13916670),
(625, 45, 'SARIGÖL', 38.24027780, 28.69888890),
(626, 45, 'SARUHANLI', 38.73416670, 27.56583330),
(627, 45, 'SELENDİ', 38.74444440, 28.86777780),
(628, 45, 'SOMA', 39.18833330, 27.60888890),
(629, 45, 'TURGUTLU', 38.50423800, 27.70442000),
(630, 46, 'AFŞİN', 38.25000000, 36.91666670),
(631, 46, 'ANDIRIN', 37.57634500, 36.35251830),
(632, 46, 'ÇAĞLIYANCERİT', 37.58333330, 36.93333330),
(633, 46, 'EKİNÖZÜ', 38.06170000, 37.19280000),
(634, 46, 'ELBİSTAN', 38.20266000, 37.20616900),
(635, 46, 'GÖKSUN', 38.01666670, 36.50000000),
(636, 46, 'KAHRAMANMARAŞ', 37.58333330, 36.93333330),
(637, 46, 'NURHAK', 37.96666670, 37.43333330),
(638, 46, 'PAZARCIK', 37.48983490, 37.29453030),
(639, 46, 'TÜRKOĞLU', 37.39140000, 36.85220000),
(640, 47, 'DARGEÇİT', 37.54710400, 41.71838230),
(641, 47, 'DERİK', 37.36583330, 40.26972220),
(642, 47, 'KIZILTEPE', 37.19388890, 40.58611110),
(643, 47, 'MARDİN', 37.31223610, 40.73511200),
(644, 47, 'MAZIDAĞI', 37.48333330, 40.48333330),
(645, 47, 'MİDYAT(ESTEL)', 37.31223610, 40.73511200),
(646, 47, 'NUSAYBİN', 37.07568760, 41.21452070),
(647, 47, 'ÖMERLİ', 37.40092490, 40.95632600),
(648, 47, 'SAVUR', 37.53785790, 40.88967180),
(649, 47, 'YEŞİLLİ', 37.34261710, 40.82494710),
(650, 48, 'BODRUM', 37.03533900, 27.43029000),
(651, 48, 'DALAMAN', 36.77187000, 28.79770100),
(652, 48, 'DATÇA', 36.72830000, 27.68690000),
(653, 48, 'FETHİYE', 36.65138890, 29.12305560),
(654, 48, 'KAVAKLIDERE', 37.44694440, 28.36333330),
(655, 48, 'KÖYCEĞİZ', 36.97126000, 28.68884100),
(656, 48, 'MARMARİS', 36.86341100, 28.27504000),
(657, 48, 'MİLAS', 37.31277780, 27.78194440),
(658, 48, 'MUĞLA', 37.21527780, 28.36361110),
(659, 48, 'ORTACA', 36.83777780, 28.76611110),
(660, 48, 'ULA', 37.10277780, 28.41666670),
(661, 48, 'YATAĞAN', 37.34055560, 28.14027780),
(662, 49, 'BULANIK', 39.09500000, 42.26666670),
(663, 49, 'HASKÖY', 38.68638890, 41.69361110),
(664, 49, 'KORKUT', 38.74424820, 41.78392870),
(665, 49, 'MALAZGİRT', 39.15005100, 42.55410000),
(666, 49, 'MUŞ', 38.74329260, 41.50648230),
(667, 49, 'VARTO', 39.16944440, 41.45416670),
(668, 50, 'ACIGÖL', 38.55289060, 34.50575250),
(669, 50, 'AVANOS', 38.71973000, 34.85525900),
(670, 50, 'DERİNKUYU', 38.37345100, 34.73947900),
(671, 50, 'GÜLŞEHİR', 38.74303100, 34.62608000),
(672, 50, 'HACIBEKTAŞ', 38.96744470, 34.64140280),
(673, 50, 'KOZAKLI', 39.21655160, 34.84861990),
(674, 50, 'NEVŞEHİR', 38.62442000, 34.72396900),
(675, 50, 'ÜRGÜP', 38.55201790, 34.99475100),
(676, 51, 'ALTUNHİSAR', 38.00000000, 34.36666670),
(677, 51, 'BOR', 37.88333330, 34.55000000),
(678, 51, 'ÇAMARDI', 37.83202890, 34.98648610),
(679, 51, 'ÇİFTLİK(ÖZYURT)', 37.96064540, 34.85827780),
(680, 51, 'NİĞDE', 37.96666670, 34.68333330),
(681, 51, 'ULUKIŞLA', 37.54578810, 34.48358550),
(682, 52, 'AKKUŞ', 40.79305560, 37.01638890),
(683, 52, 'AYBASTI', 40.68215510, 37.39433320),
(684, 52, 'ÇAMAŞ', 40.89899100, 37.53002900),
(685, 52, 'ÇATALPINAR', 41.10604960, 37.25166610),
(686, 52, 'ÇAYBAŞI', 41.01857140, 37.09759240),
(687, 52, 'FATSA', 41.03333330, 37.50000000),
(688, 52, 'GÖLKÖY', 40.68750000, 37.61777780),
(689, 52, 'GÜLYALI', 40.96210930, 38.05490150),
(690, 52, 'GÜRGENTEPE', 40.78833330, 37.60166670),
(691, 52, 'İKİZCE', 41.05833330, 37.08027780),
(692, 52, 'KABADÜZ(KARADÜZ)', 40.98333330, 37.88333330),
(693, 52, 'KABATAŞ', 40.75000000, 37.45000000),
(694, 52, 'KORGAN', 40.82472220, 37.34666670),
(695, 52, 'KUMRU', 40.87444440, 37.26388890),
(696, 52, 'MESUDİYE', 40.46294000, 37.77082100),
(697, 52, 'ORDU', 40.98333330, 37.88333330),
(698, 52, 'PERŞEMBE', 41.06555560, 37.77138890),
(699, 52, 'ULUBEY', 40.87101560, 37.75762390),
(700, 52, 'ÜNYE', 41.12783100, 37.28718900),
(701, 53, 'ARDEŞEN', 41.18781140, 40.97066910),
(702, 53, 'ÇAMLIHEMŞİN', 41.04648450, 41.00486630),
(703, 53, 'ÇAYELİ', 41.08945100, 40.73648800),
(704, 53, 'DEREPAZARI', 41.02258490, 40.42535550),
(705, 53, 'FINDIKLI', 40.90740570, 40.46646020),
(706, 53, 'GÜNEYSU', 40.97178750, 40.61367490),
(707, 53, 'HEMŞİN', 41.05000000, 40.90000000),
(708, 53, 'İKİZDERE', 40.78186860, 40.55334050),
(709, 53, 'İYİDERE', 41.01194440, 40.36194440),
(710, 53, 'KALKANDERE', 40.92854790, 40.44307980),
(711, 53, 'PAZAR', 41.18004300, 40.89140220),
(712, 53, 'RİZE', 41.02005000, 40.52344900),
(713, 54, 'ADAPAZARI', 40.78885500, 30.40595400),
(714, 54, 'AKYAZI', 40.68333330, 30.62527780),
(715, 54, 'ARİFİYE', 40.71454100, 30.36237500),
(716, 54, 'ERENLER', 40.75687930, 30.37813800),
(717, 54, 'FERİZLİ', 40.93971900, 30.48857350),
(718, 54, 'GEYVE', 40.51929900, 30.30188000),
(719, 54, 'HENDEK', 40.80509900, 30.74930000),
(720, 54, 'KARAPÜRÇEK', 40.64250000, 30.53860000),
(721, 54, 'KARASU', 41.10361110, 30.69361110),
(722, 54, 'KAYNARCA', 41.03466000, 30.31016000),
(723, 54, 'KOCAALİ', 41.05472220, 30.85027780),
(724, 54, 'PAMUKOVA', 40.50527010, 30.16759020),
(725, 54, 'SAPANCA', 40.69054100, 30.26344700),
(726, 54, 'SERDİVAN', 40.75687930, 30.37813800),
(727, 54, 'SÖĞÜTLÜ', 40.90369930, 30.46909750),
(728, 54, 'TARAKLI', 40.39694440, 30.49277780),
(729, 55, 'ALAÇAM', 41.61691850, 35.60541660),
(730, 55, 'ASARCIK', 41.04181530, 36.23020400),
(731, 55, 'ATAKUM', 41.29278200, 36.33128000),
(732, 55, 'AYVACIK', 40.98704100, 36.63142000),
(733, 55, 'BAFRA', 41.56541800, 35.89524100),
(734, 55, 'CANİK', 41.29278200, 36.33128000),
(735, 55, 'ÇARŞAMBA', 41.19895900, 36.72689100),
(736, 55, 'HAVZA', 40.97044000, 35.66260100),
(737, 55, 'İLKADIM', 41.29278200, 36.33128000),
(738, 55, 'KAVAK', 41.07361110, 36.04027780),
(739, 55, 'LADİK', 40.91055560, 35.89194440),
(740, 55, 'ONDOKUZMAYIS(BALLICA)', 41.50000000, 36.08333300),
(741, 55, 'SALIPAZARI', 41.08055250, 36.82663280),
(742, 55, 'TEKKEKÖY', 41.21250000, 36.45694440),
(743, 55, 'TERME', 41.20920900, 36.97065000),
(744, 55, 'VEZİRKÖPRÜ', 41.14508100, 35.45726000),
(745, 55, 'YAKAKENT', 41.63310300, 35.53226270),
(746, 56, 'AYDINLAR', 37.95032620, 42.01508890),
(747, 56, 'BAYKAN', 38.16388890, 41.78472220),
(748, 56, 'ERUH', 37.75000000, 42.18333330),
(749, 56, 'KURTALAN', 37.92662000, 41.69475730),
(750, 56, 'PERVARİ', 37.93095050, 42.54653580),
(751, 56, 'SİİRT', 37.94429000, 41.93288000),
(752, 56, 'ŞİRVAN', 38.06333330, 42.02750000),
(753, 57, 'AYANCIK', 41.94704100, 34.59177000),
(754, 57, 'BOYABAT', 41.46666670, 34.76666670),
(755, 57, 'DİKMEN', 41.65404910, 35.26499160),
(756, 57, 'DURAĞAN', 41.42197640, 35.05498290),
(757, 57, 'ERFELEK', 41.87635690, 34.90851520),
(758, 57, 'GERZE', 41.80041100, 35.18718000),
(759, 57, 'SARAYDÜZÜ', 41.32816180, 34.84746330),
(760, 57, 'SİNOP', 42.02642220, 35.15507450),
(761, 57, 'TÜRKELİ', 41.94861110, 34.33666670),
(762, 58, 'AKINCILAR', 40.08030000, 38.34720000),
(763, 58, 'ALTINYAYLA', 39.27200000, 36.75200000),
(764, 58, 'DİVRİĞİ', 39.36586000, 38.12725100),
(765, 58, 'DOĞANŞAR', 40.21666670, 37.53333330),
(766, 58, 'GEMEREK', 39.18520000, 36.07503100),
(767, 58, 'GÖLOVA', 40.06220000, 38.60940000),
(768, 58, 'GÜRÜN', 38.72250000, 37.27750000),
(769, 58, 'HAFİK', 39.85000000, 37.38333330),
(770, 58, 'İMRANLI', 39.87651050, 38.11062530),
(771, 58, 'KANGAL', 39.23333330, 37.38333330),
(772, 58, 'KOYULHİSAR', 40.30000000, 37.83333330),
(773, 58, 'SİVAS', 39.74766200, 37.01787900),
(774, 58, 'SUŞEHRİ', 40.16228100, 38.09574900),
(775, 58, 'ŞARKIŞLA', 39.35094800, 36.41759900),
(776, 58, 'ULAŞ', 39.44382900, 37.04050800),
(777, 58, 'YILDIZELİ', 39.86666670, 36.60000000),
(778, 58, 'ZARA', 39.89500000, 37.75310000),
(779, 59, 'ÇERKEZKÖY', 41.28333330, 28.00000000),
(780, 59, 'ÇORLU', 41.16746100, 27.80559900),
(781, 59, 'HAYRABOLU', 41.21316840, 27.10000140),
(782, 59, 'MALKARA', 40.89333330, 26.90416670),
(783, 59, 'MARMARAEREĞLİSİ', 40.97000000, 27.95500000),
(784, 59, 'MURATLI', 41.17404900, 27.50878900),
(785, 59, 'SARAY', 41.44254190, 27.92197100),
(786, 59, 'ŞARKÖY', 40.61343000, 27.11357000),
(787, 59, 'TEKİRDAĞ', 40.98333330, 27.51666670),
(788, 60, 'ALMUS', 40.37571970, 36.90441040),
(789, 60, 'ARTOVA', 40.11542600, 36.30415520),
(790, 60, 'BAŞÇİFTLİK', 40.55000000, 37.16666700),
(791, 60, 'ERBAA', 40.66666670, 36.56666670),
(792, 60, 'NİKSAR', 40.59054200, 36.95360200),
(793, 60, 'PAZAR', 40.27768770, 36.28762190),
(794, 60, 'REŞADİYE', 40.20760000, 35.68542100),
(795, 60, 'SULUSARAY', 39.99655870, 36.08475900),
(796, 60, 'TOKAT', 40.31666670, 36.55000000),
(797, 60, 'TURHAL', 40.38546000, 36.07432200),
(798, 60, 'YEŞİLYURT', 40.01037940, 36.21634070),
(799, 60, 'ZİLE', 40.30000000, 35.88333330),
(800, 61, 'AKÇAABAT', 41.01666670, 39.58333330),
(801, 61, 'ARAKLI', 40.93916080, 40.05503960),
(802, 61, 'ARSİN', 40.95329230, 39.92555500),
(803, 61, 'BEŞİKDÜZÜ', 41.04944440, 39.23527780),
(804, 61, 'ÇARŞIBAŞI', 41.08333300, 39.38333300),
(805, 61, 'ÇAYKARA', 40.75207520, 40.24492130),
(806, 61, 'DERNEKPAZARI', 40.80193870, 40.24480970),
(807, 61, 'DÜZKÖY', 40.87590720, 39.42722060),
(808, 61, 'HAYRAT', 40.89023220, 40.36762170),
(809, 61, 'KÖPRÜBAŞI', 40.80815260, 40.12259390),
(810, 61, 'MAÇKA', 40.81666670, 39.61666670),
(811, 61, 'OF', 40.94540460, 40.26902800),
(812, 61, 'SÜRMENE', 40.91273860, 40.11097830),
(813, 61, 'ŞALPAZARI', 40.94185710, 39.19107150),
(814, 61, 'TONYA', 40.88540190, 39.29242690),
(815, 61, 'TRABZON', 41.00000000, 39.73333330),
(816, 61, 'VAKFIKEBİR', 41.04749440, 39.27980280),
(817, 61, 'YOMRA', 40.95428100, 39.86514060),
(818, 62, 'ÇEMİŞGEZEK', 39.06361110, 38.91333330),
(819, 62, 'HOZAT', 39.10888890, 39.21916670),
(820, 62, 'MAZGİRT', 39.02166670, 39.60583330),
(821, 62, 'NAZIMİYE', 39.18111110, 39.82888890),
(822, 62, 'OVACIK', 39.35833330, 39.21611110),
(823, 62, 'PERTEK', 38.86694440, 39.32611110),
(824, 62, 'PÜLÜMÜR', 39.48333330, 39.90000000),
(825, 62, 'TUNCELİ', 39.10798680, 39.54016720),
(826, 63, 'AKÇAKALE', 36.71100000, 38.94800000),
(827, 63, 'BİRECİK', 37.02500000, 37.97694440),
(828, 63, 'BOZOVA', 37.36277780, 38.52555560),
(829, 63, 'CEYLANPINAR', 36.85000000, 40.05000000),
(830, 63, 'HALFETİ', 37.25000000, 37.86666670),
(831, 63, 'HARRAN', 36.86523940, 39.02417560),
(832, 63, 'HİLVAN', 37.58861110, 38.95555560),
(833, 63, 'SİVEREK', 37.75201000, 39.33206900),
(834, 63, 'SURUÇ', 36.97465190, 38.42451560),
(835, 63, 'ŞANLIURFA', 37.15000000, 38.80000000),
(836, 63, 'VİRANŞEHİR', 37.23333330, 39.76666670),
(837, 64, 'BANAZ', 38.73333330, 29.75000000),
(838, 64, 'EŞME', 38.40187100, 28.96896000),
(839, 64, 'KARAHALLI', 38.32582100, 29.53051000),
(840, 64, 'SİVASLI', 38.49870100, 29.68178450),
(841, 64, 'ULUBEY', 38.42292940, 29.29308750),
(842, 64, 'UŞAK', 38.68230100, 29.40819000),
(843, 65, 'BAHÇESARAY', 38.12863630, 42.80920960),
(844, 65, 'BAŞKALE', 38.04600000, 44.01500000),
(845, 65, 'ÇALDIRAN', 39.14194440, 43.91388890),
(846, 65, 'ÇATAK', 38.00658180, 43.05855050),
(847, 65, 'EDREMİT(GÜMÜŞDERE)', 38.49416670, 43.38000000),
(848, 65, 'ERCİŞ', 39.02653540, 43.35333400),
(849, 65, 'GEVAŞ', 38.29584830, 43.10816000),
(850, 65, 'GÜRPINAR', 38.32878750, 43.41431970),
(851, 65, 'MURADİYE', 38.99472220, 43.76805560),
(852, 65, 'ÖZALP', 38.65800370, 43.99199590),
(853, 65, 'SARAY', 38.65055560, 44.17000000),
(854, 65, 'VAN', 38.49416670, 43.38000000),
(855, 66, 'AKDAĞMADENİ', 39.66583330, 35.88361110),
(856, 66, 'AYDINCIK', 40.12884320, 35.28618240),
(857, 66, 'BOĞAZLIYAN', 39.19416670, 35.24722220),
(858, 66, 'ÇANDIR', 39.24472220, 35.51388890),
(859, 66, 'ÇAYIRALAN', 39.30277780, 35.64388890),
(860, 66, 'ÇEKEREK', 40.07305560, 35.49472220),
(861, 66, 'KADIŞEHRİ', 39.99849280, 35.78992020),
(862, 66, 'SARAYKENT', 39.69361110, 35.51111110),
(863, 66, 'SARIKAYA', 39.49361110, 35.37694440),
(864, 66, 'SORGUN', 39.81280300, 35.18165200),
(865, 66, 'ŞEFAATLİ', 39.50166670, 34.75222220),
(866, 66, 'YENİFAKILI', 39.21144860, 34.99750570),
(867, 66, 'YERKÖY', 39.63805560, 34.46722220),
(868, 66, 'YOZGAT', 39.82000000, 34.80444440),
(869, 67, 'ALAPLI', 41.18333330, 31.38333330),
(870, 67, 'ÇAYCUMA', 41.43333330, 32.08333330),
(871, 67, 'DEVREK', 41.22520100, 31.95970900),
(872, 67, 'GÖKÇEBEY', 41.30793840, 32.14158470),
(873, 67, 'KARADENİZEREĞLİ', 41.28944440, 31.41805560),
(874, 67, 'ZONGULDAK', 41.45640900, 31.79873100),
(875, 68, 'AĞAÇÖREN', 38.87222220, 33.91722220),
(876, 68, 'AKSARAY', 38.36869000, 34.03698000),
(877, 68, 'ESKİL', 38.40166670, 33.41305560),
(878, 68, 'GÜLAĞAÇ', 38.40000000, 34.35000000),
(879, 68, 'GÜZELYURT', 38.28113860, 34.30882550),
(880, 68, 'ORTAKÖY', 38.73611110, 34.04027780),
(881, 68, 'SARIYAHŞİ', 38.98333330, 33.85000000),
(882, 69, 'AYDINTEPE', 40.39083330, 40.15055560),
(883, 69, 'BAYBURT', 40.25516900, 40.22488000),
(884, 69, 'DEMİRÖZÜ', 40.16388890, 39.89250000),
(885, 70, 'AYRANCI', 37.36194440, 33.68361110),
(886, 70, 'BAŞYAYLA', 36.75472220, 32.67888890),
(887, 70, 'ERMENEK', 36.63888890, 32.89250000),
(888, 70, 'KARAMAN', 37.17593000, 33.22874800),
(889, 70, 'KAZIMKARABEKİR', 37.23027780, 32.95888890),
(890, 70, 'SARIVELİLER', 36.70116540, 32.61926720),
(891, 71, 'BAHŞİLİ', 39.70074270, 33.37105710),
(892, 71, 'BALIŞEYH', 39.91666670, 33.71666670),
(893, 71, 'ÇELEBİ', 39.46419360, 33.52520680),
(894, 71, 'DELİCE', 39.94367120, 34.03952170),
(895, 71, 'KARAKEÇİLİ', 39.59443520, 33.37947170),
(896, 71, 'KESKİN', 39.67305560, 33.61361110),
(897, 71, 'KIRIKKALE', 39.84682100, 33.51525100),
(898, 71, 'SULAKYURT', 40.15750000, 33.71750000),
(899, 71, 'YAHŞİHAN', 39.85027780, 33.45361110),
(900, 72, 'BATMAN', 37.88116800, 41.13509000),
(901, 72, 'BEŞİRİ', 37.92000000, 41.29000000),
(902, 72, 'GERCÜŞ', 37.56487010, 41.38798220),
(903, 72, 'HASANKEYF', 37.71416670, 41.41305560),
(904, 72, 'KOZLUK', 38.19444440, 41.49111110),
(905, 72, 'SASON', 38.33333330, 41.41666670),
(906, 73, 'BEYTÜŞŞEBAP', 37.57094500, 43.17116660),
(907, 73, 'CİZRE', 37.32500000, 42.19583330),
(908, 73, 'GÜÇLÜKONAK', 37.47121870, 41.91523390),
(909, 73, 'İDİL', 37.34166670, 41.89027780),
(910, 73, 'SİLOPİ', 37.24825040, 42.47233150),
(911, 73, 'ŞIRNAK', 37.51638890, 42.46111110),
(912, 73, 'ULUDERE', 37.44974430, 42.85272690),
(913, 74, 'AMASRA', 41.74514250, 32.38465870),
(914, 74, 'BARTIN', 41.63444440, 32.33750000),
(915, 74, 'KURUCAŞİLE', 41.84194740, 32.71608290),
(916, 74, 'ULUS', 41.58610000, 32.64060000),
(917, 75, 'ARDAHAN', 41.11048100, 42.70217100),
(918, 75, 'ÇILDIR', 41.13333300, 43.13333300),
(919, 75, 'DAMAL', 41.34072320, 42.84118940),
(920, 75, 'GÖLE', 40.79352790, 42.60872120),
(921, 75, 'HANAK', 41.23333330, 42.85000000),
(922, 75, 'POSOF', 41.51055560, 42.72916670),
(923, 76, 'ARALIK', 39.87200680, 44.51813430),
(924, 76, 'IĞDIR', 39.91666670, 44.03333330),
(925, 76, 'KARAKOYUNLU', 39.97150940, 44.17430700),
(926, 76, 'TUZLUCA', 40.04534100, 43.65589100),
(927, 77, 'ALTINOVA', 40.69750000, 29.51138890),
(928, 77, 'ARMUTLU', 40.51944440, 28.82805560),
(929, 77, 'ÇINARCIK', 40.64061110, 29.10707730),
(930, 77, 'ÇİFTLİKKÖY', 40.66027780, 29.32361110),
(931, 77, 'TERMAL', 40.60527780, 29.17444440),
(932, 77, 'YALOVA', 40.65000000, 29.26666670),
(933, 78, 'EFLANİ', 41.42305560, 32.95611110),
(934, 78, 'ESKİPAZAR', 40.94305560, 32.53055560),
(935, 78, 'KARABÜK', 41.20000000, 32.63333330),
(936, 78, 'OVACIK', 41.07611110, 32.92194440),
(937, 78, 'SAFRANBOLU', 41.25626000, 32.69162000),
(938, 78, 'YENİCE', 41.20000000, 32.32916670),
(939, 79, 'ELBEYLİ', 36.67420000, 37.46580000),
(940, 79, 'KİLİS', 36.71839900, 37.12122000),
(941, 79, 'MUSABEYLİ', 36.88640000, 36.91860000),
(942, 79, 'POLATELİ', 36.84087740, 37.14462010),
(943, 80, 'BAHÇE', 37.20000000, 36.58333330),
(944, 80, 'DÜZİÇİ', 37.25714370, 36.46619140),
(945, 80, 'HASANBEYLİ', 37.13320090, 36.55268510),
(946, 80, 'KADİRLİ', 37.36983330, 36.10000000),
(947, 80, 'OSMANİYE', 37.06805000, 36.26158900),
(948, 80, 'SUMBAS', 37.44318370, 36.03224590),
(949, 80, 'TOPRAKKALE', 37.06701740, 36.14639340),
(950, 81, 'AKÇAKOCA', 41.08593000, 31.12004100),
(951, 81, 'CUMAYERİ', 40.87387070, 30.94905680),
(952, 81, 'ÇİLİMLİ', 40.89689700, 31.04701400),
(953, 81, 'DÜZCE', 40.84384900, 31.15654000),
(954, 81, 'GÖLYAKA', 40.77657860, 30.99572700),
(955, 81, 'GÜMÜŞOVA', 40.85000000, 30.93333330),
(956, 81, 'KAYNAŞLI', 40.77733670, 31.30326690),
(957, 81, 'YIĞILCA', 40.96593900, 31.44241900);

-- --------------------------------------------------------

--
-- Tablo için tablo yapısı `properties`
--

CREATE TABLE `properties` (
  `id` int(11) NOT NULL,
  `il_id` int(11) NOT NULL,
  `ilce_id` int(11) NOT NULL,
  `enlem` double NOT NULL,
  `boylam` double NOT NULL,
  `valid_id` int(11) NOT NULL,
  `detay_id` int(11) NOT NULL
) ENGINE=InnoDB DEFAULT CHARSET=utf8;

--
-- Tablo döküm verisi `properties`
--

INSERT INTO `properties` (`id`, `il_id`, `ilce_id`, `enlem`, `boylam`, `valid_id`, `detay_id`) VALUES
(1, 2, 22, 39, 37, 2, 1),
(2, 5, 22, 39, 38, 1, 1),
(4, 1, 22, 37, 36, 3, 3),
(6, 1, 22, 37.2, 36.1, 2, 4),
(7, 18, 224, 40.36470799739899, 34.02796525800778, 1, 5),
(8, 13, 166, 38.23824226915785, 42.397127234179685, 1, 6),
(9, 6, 64, 39.924002168757305, 32.74681854101562, 2, 7),
(10, 6, 64, 39.94685903005147, 32.88383554142136, 2, 8);

-- --------------------------------------------------------

--
-- Tablo için tablo yapısı `propertydetay`
--

CREATE TABLE `propertydetay` (
  `id` int(11) NOT NULL,
  `mekanadi` text NOT NULL,
  `adresi` text NOT NULL,
  `icerik` text NOT NULL,
  `iletisim_id` int(11) NOT NULL
) ENGINE=InnoDB DEFAULT CHARSET=utf8;

--
-- Tablo döküm verisi `propertydetay`
--

INSERT INTO `propertydetay` (`id`, `mekanadi`, `adresi`, `icerik`, `iletisim_id`) VALUES
(1, 'LOKMACI LOKMAN', 'LOKMAN MAHALLESI ', 'LOKMA SATAR', 1),
(2, 'İSKENDERCİ İSKENDER', 'İSKENDER HAN MAHALLESİ', 'İSKENDER ET DANA', 2),
(3, 'kokorec', 'adress', 'ne yokki?', 3),
(4, 'harun bey zeytinleri', 'harun sokak', 'zeytin falan', 4),
(5, 'kzılırmak mekan', 'kızıl ırmak nehri', 'fare kapanı', 5),
(6, 'BİTLİSLİ DAYKO', 'bitlis ahlat yolu km 5', 'et', 6),
(7, 'Pavyon', 'Barlar Sokağı', 'Bira Çerez Tabağı', 7),
(8, 'Ciğerci', 'Atatürk caddesi', 'Ciğer kebab', 8);

-- --------------------------------------------------------

--
-- Tablo için tablo yapısı `propertyiletisim`
--

CREATE TABLE `propertyiletisim` (
  `id` int(11) NOT NULL,
  `kisi` varchar(100) NOT NULL,
  `telefon` varchar(20) NOT NULL,
  `eposta` text NOT NULL
) ENGINE=InnoDB DEFAULT CHARSET=utf8;

--
-- Tablo döküm verisi `propertyiletisim`
--

INSERT INTO `propertyiletisim` (`id`, `kisi`, `telefon`, `eposta`) VALUES
(1, 'LOKMAN LOKMAHAN', '0538', 'lokmanlokmanci@hotmail.com'),
(2, 'İskender İSKENDEROĞLU', '0538564213', 'İSKENDERİSKENDERBEY@MAİL.COM'),
(3, 'Metin Bey', '0542', 'metin@mail.com'),
(4, 'Harun bey', '33242', 'harun@mail.com'),
(5, 'kızıl bey', '053851211132', 'mail@mail.com'),
(6, 'bitlisli hakan', '0534354131', 'bitlis@mail.com'),
(7, 'tuncay başulaş', '05435257819', 'ruzzenousha@outlook.com'),
(8, 'barış çelik', '05346782856', 'enesowi@hotmail.com');

-- --------------------------------------------------------

--
-- Tablo için tablo yapısı `user`
--

CREATE TABLE `user` (
  `id` int(11) NOT NULL,
  `username` varchar(100) NOT NULL,
  `password` text NOT NULL
) ENGINE=InnoDB DEFAULT CHARSET=utf8;

--
-- Tablo döküm verisi `user`
--

INSERT INTO `user` (`id`, `username`, `password`) VALUES
(1, 'kadir', '$2a$10$Bayl9lNwuWQW.G4SrkEvcOf.gD3ndFfvmtiQX/Kh9ypfTYJtMVpXe'),
(2, 'admin', '$2a$10$zyRW.x1p87Yht3MGZla0ReIjotWxLwMMJFoMldpGigt7ZXu9T8Hni');

-- --------------------------------------------------------

--
-- Tablo için tablo yapısı `validation`
--

CREATE TABLE `validation` (
  `id` int(11) NOT NULL,
  `status` varchar(15) NOT NULL
) ENGINE=InnoDB DEFAULT CHARSET=utf8;

--
-- Tablo döküm verisi `validation`
--

INSERT INTO `validation` (`id`, `status`) VALUES
(1, 'BEKLEMEDE'),
(2, 'ONAYLANDI'),
(3, 'IPTAL');

-- --------------------------------------------------------

--
-- Görünüm yapısı `get_properties`
--
DROP TABLE IF EXISTS `get_properties`;

CREATE ALGORITHM=UNDEFINED DEFINER=`root`@`localhost` SQL SECURITY DEFINER VIEW `get_properties`  AS  select `properties`.`id` AS `id`,`pk_il`.`il_adi` AS `il_adi`,`pk_ilce`.`ilce_adi` AS `ilce_adi`,`properties`.`enlem` AS `enlem`,`properties`.`boylam` AS `boylam`,`properties`.`valid_id` AS `valid_id`,`propertydetay`.`mekanadi` AS `mekanadi`,`propertydetay`.`icerik` AS `icerik`,`propertydetay`.`adresi` AS `adresi`,`propertyiletisim`.`kisi` AS `kisi`,`propertyiletisim`.`telefon` AS `telefon`,`propertyiletisim`.`eposta` AS `eposta` from ((((`properties` join `pk_il` on((`properties`.`il_id` = `pk_il`.`il_id`))) join `pk_ilce` on((`properties`.`ilce_id` = `pk_ilce`.`ilce_id`))) join `propertydetay` on((`properties`.`detay_id` = `propertydetay`.`id`))) join `propertyiletisim` on((`properties`.`detay_id` = `propertyiletisim`.`id`))) ;

--
-- Dökümü yapılmış tablolar için indeksler
--

--
-- Tablo için indeksler `pk_il`
--
ALTER TABLE `pk_il`
  ADD PRIMARY KEY (`il_id`),
  ADD KEY `il_adi` (`il_adi`) USING BTREE;

--
-- Tablo için indeksler `pk_ilce`
--
ALTER TABLE `pk_ilce`
  ADD PRIMARY KEY (`ilce_id`),
  ADD KEY `il_id` (`il_id`);

--
-- Tablo için indeksler `properties`
--
ALTER TABLE `properties`
  ADD PRIMARY KEY (`id`);

--
-- Tablo için indeksler `propertydetay`
--
ALTER TABLE `propertydetay`
  ADD PRIMARY KEY (`id`);

--
-- Tablo için indeksler `propertyiletisim`
--
ALTER TABLE `propertyiletisim`
  ADD PRIMARY KEY (`id`);

--
-- Tablo için indeksler `user`
--
ALTER TABLE `user`
  ADD PRIMARY KEY (`id`),
  ADD UNIQUE KEY `username` (`username`);

--
-- Tablo için indeksler `validation`
--
ALTER TABLE `validation`
  ADD PRIMARY KEY (`id`);

--
-- Dökümü yapılmış tablolar için AUTO_INCREMENT değeri
--

--
-- Tablo için AUTO_INCREMENT değeri `pk_ilce`
--
ALTER TABLE `pk_ilce`
  MODIFY `ilce_id` int(10) NOT NULL AUTO_INCREMENT, AUTO_INCREMENT=958;
--
-- Tablo için AUTO_INCREMENT değeri `properties`
--
ALTER TABLE `properties`
  MODIFY `id` int(11) NOT NULL AUTO_INCREMENT, AUTO_INCREMENT=11;
--
-- Tablo için AUTO_INCREMENT değeri `propertydetay`
--
ALTER TABLE `propertydetay`
  MODIFY `id` int(11) NOT NULL AUTO_INCREMENT, AUTO_INCREMENT=9;
--
-- Tablo için AUTO_INCREMENT değeri `propertyiletisim`
--
ALTER TABLE `propertyiletisim`
  MODIFY `id` int(11) NOT NULL AUTO_INCREMENT, AUTO_INCREMENT=9;
--
-- Tablo için AUTO_INCREMENT değeri `user`
--
ALTER TABLE `user`
  MODIFY `id` int(11) NOT NULL AUTO_INCREMENT, AUTO_INCREMENT=3;
--
-- Tablo için AUTO_INCREMENT değeri `validation`
--
ALTER TABLE `validation`
  MODIFY `id` int(11) NOT NULL AUTO_INCREMENT, AUTO_INCREMENT=4;
/*!40101 SET CHARACTER_SET_CLIENT=@OLD_CHARACTER_SET_CLIENT */;
/*!40101 SET CHARACTER_SET_RESULTS=@OLD_CHARACTER_SET_RESULTS */;
/*!40101 SET COLLATION_CONNECTION=@OLD_COLLATION_CONNECTION */;
